model,project,av_pd,av_pf,av_f_measure,av_g_mesure,av_balance,av_MCC, av_AUC
LDJDA,EQ,0.49419,0.14359,0.52443,0.62659,0.62818,0.38091,0.6656,
LDJDA,JDT,0.67476,0.16688,0.63469,0.7456,0.74149,0.46221,0.76335,
LDJDA,LC,0.71484,0.23844,0.50692,0.73743,0.73712,0.30675,0.73566,
LDJDA,ML,0.49796,0.22635,0.41553,0.60592,0.61059,0.20879,0.62313,
LDJDA,PDE,0.60167,0.25,0.48978,0.6677,0.66746,0.26621,0.65593,
