model,project,av_pd,av_pf,av_f_measure,av_g_mesure,av_balance,av_MCC, av_AUC
LDJDA,Apache,0.83333,0.4949,0.78049,0.62896,0.63074,0.35781,0.72885,
LDJDA,Safe,0.77941,0.36364,0.77709,0.7006,0.69913,0.41767,0.83824,
LDJDA,Zxing,0.74021,0.55085,0.74445,0.55907,0.56935,0.18592,0.63559,
