model,project,av_pd,av_pf,av_f_measure,av_g_mesure,av_balance,av_MCC, av_AUC
LDJDA,CM1,0.52381,0.24298,0.42431,0.61918,0.62198,0.20949,0.69929,
LDJDA,MW1,0.66667,0.30199,0.46333,0.68197,0.68195,0.23755,0.75037,
LDJDA,PC1,0.56148,0.27484,0.37615,0.63281,0.63401,0.1759,0.64322,
LDJDA,PC3,0.60821,0.2553,0.4748,0.66955,0.66932,0.25438,0.67316,
LDJDA,PC4,0.62977,0.27979,0.46807,0.67192,0.67183,0.24158,0.69297,
